entity_text,gold_name,entity_type
MNIST,mnist,DATASET
mnist,mnist,DATASET
mnist,mnist,DATASET
mnist,mnist,DATASET
HAIM-MIMIC-MM,haim-mimic-mm,DATASET
MIMIC-IV,mimic-iv,DATASET
MIMIC-IV,mimic-iv,DATASET
mimic-iv-note,mimic-iv-note,DATASET
MIMIC-IV,mimic-iv,DATASET
MIMIC-IV,mimic-iv,DATASET
CoNLL04,conll04,DATASET
ADE,ade,DATASET
CoNLL04,conll04,DATASET
conll04,conll04,DATASET
conll04,conll04,DATASET
conll04,conll04,DATASET
conll04,conll04,DATASET
conll04,conll04,DATASET
CoNLL04,conll04,DATASET
conll04,conll04,DATASET
BabelDomains,babeldomains,DATASET
TACRED,tacred,DATASET
NLI,nli,DATASET
NLI,nli,DATASET
Standford Natural Language Inference,standford natural language inference,DATASET
SNLI,snli,DATASET
Multi Natural Language Inference,multi natural language inference,DATASET
MNLI,mnli,DATASET
Fever-nli,fever-nli,DATASET
Adversarial Natural Language Inference,adversarial natural language inference,DATASET
ANLI,anli,DATASET
ACE-arg,ace-arg,DATASET
ACE-arg,ace-arg,DATASET
NLI,nli,DATASET
babeldomains,babeldomains,DATASET
TACRED,tacred,DATASET
TACRED,tacred,DATASET
FinGPT/fingpt-forecaster-dow30-202305-202405,fingpt/fingpt-forecaster-dow30-202305-202405,DATASET
TFNS,tfns,DATASET
NWGI,nwgi,DATASET
fingpt-sentiment-train,fingpt-sentiment-train,DATASET
FinGPT/fingpt-sentiment-train,fingpt/fingpt-sentiment-train,DATASET
fingpt-finred,fingpt-finred,DATASET
FinGPT/fingpt-finred,fingpt/fingpt-finred,DATASET
FinGPT/fingpt-headline,fingpt/fingpt-headline,DATASET
fingpt-ner,fingpt-ner,DATASET
FinGPT/fingpt-ner,fingpt/fingpt-ner,DATASET
fingpt-fiqa_qa,fingpt-fiqa_qa,DATASET
FinGPT/fingpt-fiqa_qa,fingpt/fingpt-fiqa_qa,DATASET
fingpt-fineval,fingpt-fineval,DATASET
FinGPT/fingpt-fineval,fingpt/fingpt-fineval,DATASET
FPB,fpb,DATASET
financial_phrasebank,financial_phrasebank,DATASET
FiQA-SA,fiqa-sa,DATASET
pauri32/fiqa-2018,pauri32/fiqa-2018,DATASET
TFNS,tfns,DATASET
zeroshot/twitter-financial-news-sentiment,zeroshot/twitter-financial-news-sentiment,DATASET
NWGI,nwgi,DATASET
oliverwang15/news_with_gpt_instructions,oliverwang15/news_with_gpt_instructions,DATASET
PromptNet,promptnet,DATASET
ImageNet,imagenet,DATASET
WordNet,wordnet,DATASET
PromptNet,promptnet,DATASET
Ketton Limestone,ketton limestone,DATASET
Maules Creek,maules creek,DATASET
Maules Creek,maules creek,DATASET
Maules Creek,maules creek,DATASET
Maules Creek,maules creek,DATASET
Maules Creek,maules creek,DATASET
Caltech UCSD Birds,caltech ucsd birds,DATASET
Butterfly200,butterfly200,DATASET
Vegfru,vegfru,DATASET
Butterfly200,butterfly200,DATASET
CUB_200_2011,cub_200_2011,DATASET
Vegfru,vegfru,DATASET
Butterfly200,butterfly200,DATASET
CUB_200_2011,cub_200_2011,DATASET
Vegfru,vegfru,DATASET
Butterfly200,butterfly200,DATASET
CUB_200_2011,cub_200_2011,DATASET
Vegfru,vegfru,DATASET
Caltech UCSD Birds,caltech ucsd birds,DATASET
CUB-200,cub-200,DATASET
Butterfly 200,butterfly 200,DATASET
Caltech UCSD birds,caltech ucsd birds,DATASET
Butterfly-200,butterfly-200,DATASET
VegFru,vegfru,DATASET
CUB_200_2011,cub_200_2011,DATASET
Butterfly200,butterfly200,DATASET
Vegfru,vegfru,DATASET
CUB_200_2011,cub_200_2011,DATASET
Butterfly200,butterfly200,DATASET
Vegfru,vegfru,DATASET
CUB_200_2011,cub_200_2011,DATASET
Butterfly200,butterfly200,DATASET
Vegfru,vegfru,DATASET
greek_legal_code,greek_legal_code,DATASET
ISBI 2012 EM segmentation benchmark,isbi 2012 em segmentation benchmark,DATASET
BBBC010 C. elegans,bbbc010 c. elegans,DATASET
3d fluorescence microscopy,3d fluorescence microscopy,DATASET
3d light microscopy data of drosophila neurons,3d light microscopy data of drosophila neurons,DATASET
FlyLight Instances Segmentation Benchmark,flylight instances segmentation benchmark,DATASET
nuclei3d,nuclei3d,DATASET
The FlyLight Instance Segmentation Datset,the flylight instance segmentation datset,DATASET
CaLiGraph,caligraph,DATASET
CaLiGraph,caligraph,DATASET
CaLiGraph version 2.1.0,caligraph version 2.1.0,DATASET
caligraph,caligraph,DATASET
CaLiGraph,caligraph,DATASET
CaLiGraph,caligraph,DATASET
CaLiGraph,caligraph,DATASET
CaLiGraph,caligraph,DATASET
CaLiGraph,caligraph,DATASET
caligraph,caligraph,DATASET
clg_10e4,clg_10e4,DATASET
clg_10e5,clg_10e5,DATASET
clg_ful,clg_ful,DATASET
CaLiGraph,caligraph,DATASET
CaLiGraph,caligraph,DATASET
ImageNet-1K,imagenet-1k,DATASET
ImageNet-1K,imagenet-1k,DATASET
imagenet,imagenet,DATASET
imagenet,imagenet,DATASET
ImageNet1K,imagenet1k,DATASET
COCO,coco,DATASET
Flickr30K,flickr30k,DATASET
coco,coco,DATASET
flickr30k,flickr30k,DATASET
COCO,coco,DATASET
FLICKR30K,flickr30k,DATASET
COCO,coco,DATASET
COCO,coco,DATASET
Flickr30K,flickr30k,DATASET
Flickr30K,flickr30k,DATASET
ImageNet-1K,imagenet-1k,DATASET
COCO,coco,DATASET
COCO,coco,DATASET
Flickr30K,flickr30k,DATASET
Flickr30K,flickr30k,DATASET
BorealTC,borealtc,DATASET
Vulpi,vulpi,DATASET
Vulpi,vulpi,DATASET
vulpi,vulpi,DATASET
vulpi,vulpi,DATASET
BorealTC,borealtc,DATASET
borealtc,borealtc,DATASET
borealtc,borealtc,DATASET
Public Event,public event,DATASET
MVSEC,mvsec,DATASET
mvsec,mvsec,DATASET
EuRoC,euroc,DATASET
EuRoC,euroc,DATASET
Public Event,public event,DATASET
S3DIS,s3dis,DATASET
KITTI- 360,kitti- 360,DATASET
s3dis,s3dis,DATASET
s3dis,s3dis,DATASET
kitti-360,kitti-360,DATASET
kitti-360,kitti-360,DATASET
S3DIS,s3dis,DATASET
ScanNet,scannet,DATASET
KITTI360,kitti360,DATASET
kitti360,kitti360,DATASET
s3dis,s3dis,DATASET
scannet,scannet,DATASET
kitti360,kitti360,DATASET
s3dis,s3dis,DATASET
scannet,scannet,DATASET
kitti360,kitti360,DATASET
s3dis,s3dis,DATASET
scannet,scannet,DATASET
S3DIS 6-Fold,s3dis 6-fold,DATASET
KITTI-360,kitti-360,DATASET
ScanNet,scannet,DATASET
S3DIS Fold 5,s3dis fold 5,DATASET
KITTI-360,kitti-360,DATASET
kitti360,kitti360,DATASET
ScanNet,scannet,DATASET
ScanNet,scannet,DATASET
ScanNet,scannet,DATASET
RumexLeaves,rumexleaves,DATASET
RumexLeaves,rumexleaves,DATASET
RumexLeaves,rumexleaves,DATASET
RumexLeaves,rumexleaves,DATASET
rumexleaves,rumexleaves,DATASET
rumexleaves,rumexleaves,DATASET
rumexleaves,rumexleaves,DATASET
rumexleaves,rumexleaves,DATASET
RumexLeaves,rumexleaves,DATASET
iNaturalist,inaturalist,DATASET
rumexleaves,rumexleaves,DATASET
rumexleaves,rumexleaves,DATASET
rumexleaves,rumexleaves,DATASET
rumexleaves,rumexleaves,DATASET
football,football,DATASET
sc2,sc2,DATASET
sc2,sc2,DATASET
StarCraft II,starcraft ii,DATASET
SC2,sc2,DATASET
SC2,sc2,DATASET
sc2,sc2,DATASET
SC2EGSet,sc2egset,DATASET
StarCraft II Esport Game State Dataset,starcraft ii esport game state dataset,DATASET
SC2EGSet,sc2egset,DATASET
StarCraft II Esport Game State Dataset,starcraft ii esport game state dataset,DATASET
StarCraft II,starcraft ii,DATASET
sc2,sc2,DATASET
SC2EGSet,sc2egset,DATASET
sc2,sc2,DATASET
sc2,sc2,DATASET
SC2EGSet,sc2egset,DATASET
sc2,sc2,DATASET
sc2,sc2,DATASET
SC2EGSet,sc2egset,DATASET
sc2,sc2,DATASET
sc2,sc2,DATASET
SC2EGSet,sc2egset,DATASET
sc2,sc2,DATASET
sc2,sc2,DATASET
SC2EGSet,sc2egset,DATASET
sc2,sc2,DATASET
sc2,sc2,DATASET
SC2EGSet,sc2egset,DATASET
sc2,sc2,DATASET
sc2,sc2,DATASET
sc2egset,sc2egset,DATASET
SC2ReSet,sc2reset,DATASET
SC2EGSet,sc2egset,DATASET
SC2EGSet,sc2egset,DATASET
EuRoC,euroc,DATASET
EuRoC,euroc,DATASET
EuRoC,euroc,DATASET
Euroc,euroc,DATASET
RuleAlign,rulealign,DATASET
RuleEval,ruleeval,DATASET
RuleAlign,rulealign,DATASET
RuleAlign,rulealign,DATASET
RuleAlign,rulealign,DATASET
RuleEval,ruleeval,DATASET
BD Ortho,bd ortho,DATASET
BD Foret v2,bd foret v2,DATASET
BD Topo,bd topo,DATASET
ImageNet-22K,imagenet-22k,DATASET
BouroujeniEtAl,bouroujenietal,DATASET
MarrasEtAl,marrasetal,DATASET
LalleConati,lalleconati,DATASET
ChenCui,chencui,DATASET
PRW,prw,DATASET
PRW,prw,DATASET
CUHK-SYSU,cuhk-sysu,DATASET
json annotations,json annotations,DATASET
PRW,prw,DATASET
prw,prw,DATASET
PRW,prw,DATASET
CUHK-SYSU,cuhk-sysu,DATASET
PRW,prw,DATASET
PRW,prw,DATASET
PRW,prw,DATASET
CUHK-SYSU,cuhk-sysu,DATASET
CUHK-SYSU,cuhk-sysu,DATASET
CUHK-SYSU,cuhk-sysu,DATASET
BLEBeacon,blebeacon,DATASET
BLEBeacon,blebeacon,DATASET
BLEBeacon,blebeacon,DATASET
CRAWDAD,crawdad,DATASET
blebeacon,blebeacon,DATASET
blebeacon,blebeacon,DATASET
blebeacon,blebeacon,DATASET
blebeacon,blebeacon,DATASET
BLEBeacon,blebeacon,DATASET
BLEBeacon,blebeacon,DATASET
BLEBeacon,blebeacon,DATASET
BLEBeacon,blebeacon,DATASET
BLEBeacon,blebeacon,DATASET
BLEBeacon,blebeacon,DATASET
Flickr30K,flickr30k,DATASET
MSCOCO,mscoco,DATASET
AlpacaEval,alpacaeval,DATASET
AlpacaEval,alpacaeval,DATASET
sst2,sst2,DATASET
sst2,sst2,DATASET
sst2,sst2,DATASET
sst2,sst2,DATASET
SST-2,sst-2,DATASET
sst-2,sst-2,DATASET
Meta-Reasoning-MATH,meta-reasoning-math,DATASET
mr-math_invalid_errors,mr-math_invalid_errors,DATASET
PRM800K,prm800k,DATASET
prm800k,prm800k,DATASET
mr-math_redundant_errors,mr-math_redundant_errors,DATASET
PRM800K,prm800k,DATASET
Meta-Reasoning-GSM8K,meta-reasoning-gsm8k,DATASET
GSM8K,gsm8k,DATASET
MR-GSM8K,mr-gsm8k,DATASET
MR-GSM8K,mr-gsm8k,DATASET
Perturbation,perturbation,DATASET
PRM800K,prm800k,DATASET
prm800k,prm800k,DATASET
perturbatio,perturbatio,DATASET
mr-gsm8k,mr-gsm8k,DATASET
mr-math,mr-math,DATASET
mr-math,mr-math,DATASET
MNIST,mnist,DATASET
MNIST,mnist,DATASET
Connect-4,connect-4,DATASET
Connect-4,connect-4,DATASET
Letter,letter,DATASET
Letter,letter,DATASET
Optical recognition,optical recognition,DATASET
Optical recognition,optical recognition,DATASET
Pendigits,pendigits,DATASET
Pendigits,pendigits,DATASET
Protein,protein,DATASET
Protein,protein,DATASET
SenseIT,senseit,DATASET
SenseIT,senseit,DATASET
USPS,usps,DATASET
USPS,usps,DATASET
SemanticKITTI,semantickitti,DATASET
nuScenes,nuscenes,DATASET
SemanticKITTI,semantickitti,DATASET
kitti,kitti,DATASET
nuScenes,nuscenes,DATASET
SemanticKITTI,semantickitti,DATASET
nuScenes,nuscenes,DATASET
ScribbleKITTI,scribblekitti,DATASET
SemanticPOSS,semanticposs,DATASET
SemanticKITTI,semantickitti,DATASET
nuScenes,nuscenes,DATASET
ScribbleKITTI,scribblekitti,DATASET
SemKITTI,semkitti,DATASET
nuScenes,nuscenes,DATASET
SemanticKITTI,semantickitti,DATASET
nuScenes,nuscenes,DATASET
SemanticKITTI,semantickitti,DATASET
kitti,kitti,DATASET
SemanticKITTI,semantickitti,DATASET
kitti,kitti,DATASET
nuScenes,nuscenes,DATASET
nuscenes,nuscenes,DATASET
nuScenes,nuscenes,DATASET
nuscenes,nuscenes,DATASET
ScribbleKITTI,scribblekitti,DATASET
scribblekitti,scribblekitti,DATASET
SemanticPOSS,semanticposs,DATASET
semanticposs,semanticposs,DATASET
SemanticPOSS,semanticposs,DATASET
SemanticKITTI,semantickitti,DATASET
ProteinKG25,proteinkg25,DATASET
ProteinKG25,proteinkg25,DATASET
ProteinKG25,proteinkg25,DATASET
ProteinKG25,proteinkg25,DATASET
ProteinKG25,proteinkg25,DATASET
CoNLL-2003,conll-2003,DATASET
conll-2003,conll-2003,DATASET
CoNLL-2003,conll-2003,DATASET
CoNLL++,conll++,DATASET
lasot-ext,lasot-ext,DATASET
lasot-ext,lasot-ext,DATASET
lasot,lasot,DATASET
lasot,lasot,DATASET
tnl2k,tnl2k,DATASET
tnl2k,tnl2k,DATASET
trackingnet,trackingnet,DATASET
trackingnet,trackingnet,DATASET
youtube-vis,youtube-vis,DATASET
youtube-vis,youtube-vis,DATASET
ovis,ovis,DATASET
ovis,ovis,DATASET
davis,davis,DATASET
davis,davis,DATASET
refcoco,refcoco,DATASET
refcoco,refcoco,DATASET
refcoco,refcoco,DATASET
refcoco,refcoco,DATASET
refcoco,refcoco,DATASET
refcoco,refcoco,DATASET
refcoco,refcoco,DATASET
refcoco,refcoco,DATASET
MBES,mbes,DATASET
MNIST,mnist,DATASET
mnist,mnist,DATASET
CIFAR,cifar,DATASET
cifar,cifar,DATASET
SVHN,svhn,DATASET
Food101,food101,DATASET
food-101,food-101,DATASET
Flowers102,flowers102,DATASET
Cervical,cervical,DATASET
CheXpert,chexpert,DATASET
chexpert,chexpert,DATASET
Facial Expression,facial expression,DATASET
fer2013,fer2013,DATASET
Celeb,celeb,DATASET
CelebA,celeba,DATASET
Adult,adult,DATASET
COMPAS,compas,DATASET
FICO,fico,DATASET
Boston Housing,boston housing,DATASET
German Credit,german credit,DATASET
Student Admission,student admission,DATASET
Student Performance,student performance,DATASET
GMSC,gmsc,DATASET
GiveMeSomeCredit,givemesomecredit,DATASET
Diabetes,diabetes,DATASET
Breast Cancer,breast cancer,DATASET
Cora,cora,DATASET
CORA,cora,DATASET
Bitcoin,bitcoin,DATASET
CIC-IDS2017,cic-ids2017,DATASET
ids-2017,ids-2017,DATASET
IMDB Review,imdb review,DATASET
VisE-D,vise-d,DATASET
Visual Event Classification,visual event classification,DATASET
VisE-Bing,vise-bing,DATASET
VisE-Wiki,vise-wiki,DATASET
VisE-Bing,vise-bing,DATASET
VisE-Wiki,vise-wiki,DATASET
VisE-Bing,vise-bing,DATASET
VisE-Wiki,vise-wiki,DATASET
VisE-D,vise-d,DATASET
Visual Event Classification Dataset,visual event classification dataset,DATASET
Visual Event Classification Dataset,visual event classification dataset,DATASET
VisE-D,vise-d,DATASET
vise-d,vise-d,DATASET
Web Images for Event Recognition,web images for event recognition,DATASET
WIDER,wider,DATASET
Social Event Dataset,social event dataset,DATASET
SocEID,soceid,DATASET
Rare Event Dataset,rare event dataset,DATASET
RED,red,DATASET
wider,wider,DATASET
soceid,soceid,DATASET
red,red,DATASET
MNIST,mnist,DATASET
mnist,mnist,DATASET
MNIST,mnist,DATASET
MNIST,mnist,DATASET
ImageNet,imagenet,DATASET
image-net,image-net,DATASET
imagenet,imagenet,DATASET
ImageNet,imagenet,DATASET
MNIST,mnist,DATASET
MNIST,mnist,DATASET
MNIST,mnist,DATASET
MNIST,mnist,DATASET
MNIST,mnist,DATASET
MNIST,mnist,DATASET
MNIST,mnist,DATASET
ImageNet_patches,imagenet_patches,DATASET
ImageNet,imagenet,DATASET
ImageNet_patches,imagenet_patches,DATASET
ImageNet,imagenet,DATASET
ImageNet_patches,imagenet_patches,DATASET
ImageNet,imagenet,DATASET
Imagenet_patches,imagenet_patches,DATASET
ImageNet,imagenet,DATASET
MNIST,mnist,DATASET
ImageNet,imagenet,DATASET
MNIST,mnist,DATASET
MNIST,mnist,DATASET
DAMP,damp,DATASET
DALI,dali,DATASET
DAMP,damp,DATASET
Sing!300x30x2,sing!300x30x2,DATASET
Sing!300x30x2,sing!300x30x2,DATASET
DAMP,damp,DATASET
damp,damp,DATASET
damp,damp,DATASET
damp,damp,DATASET
damp,damp,DATASET
DALI,dali,DATASET
DALI_v2.0,dali_v2.0,DATASET
DALI,dali,DATASET
DALI-TALT,dali-talt,DATASET
DALI,dali,DATASET
DALI-TestSet4ALT,dali-testset4alt,DATASET
dali_talt,dali_talt,DATASET
dali-talt,dali-talt,DATASET
Jamendo,jamendo,DATASET
Jamendo(lyrics),jamendo(lyrics),DATASET
jamendolyrics,jamendolyrics,DATASET
jamendo,jamendo,DATASET
jamendo,jamendo,DATASET
DAMP,damp,DATASET
DAMP,damp,DATASET
DAMP,damp,DATASET
damp,damp,DATASET
damp,damp,DATASET
dali,dali,DATASET
dali_talt,dali_talt,DATASET
dali_talt,dali_talt,DATASET
jamendo,jamendo,DATASET
jamendo,jamendo,DATASET
damp,damp,DATASET
DAMP,damp,DATASET
dali,dali,DATASET
DALI,dali,DATASET
dali_talt,dali_talt,DATASET
DALI-TALT,dali-talt,DATASET
jamendo,jamendo,DATASET
jamendo,jamendo,DATASET
CIFAR-10,cifar-10,DATASET
CIFAR-100,cifar-100,DATASET
Ontonotes 5.0,ontonotes 5.0,DATASET
ontonotes-release-5.0,ontonotes-release-5.0,DATASET
conll-2012-train.v4,conll-2012-train.v4,DATASET
conll-2012-development.v4,conll-2012-development.v4,DATASET
conll-2012-test,conll-2012-test,DATASET
ontonotes,ontonotes,DATASET
ontonotes,ontonotes,DATASET
ontonotes-release-5.0,ontonotes-release-5.0,DATASET
ontonotes,ontonotes,DATASET
onotonotes,onotonotes,DATASET
QuAC,quac,DATASET
quac,quac,DATASET
QuAC,quac,DATASET
QuAC,quac,DATASET
quac,quac,DATASET
CANARD,canard,DATASET
coco,coco,DATASET
coco,coco,DATASET
COCO Caption,coco caption,DATASET
CUB Caption,cub caption,DATASET
CUB-200-2011,cub-200-2011,DATASET
CUB-200-2011,cub-200-2011,DATASET
COCO Caption,coco caption,DATASET
coco,coco,DATASET
coco,coco,DATASET
coco,coco,DATASET
coco,coco,DATASET
coco,coco,DATASET
coco,coco,DATASET
coco,coco,DATASET
ECCV Caption,eccv caption,DATASET
eccv-caption,eccv-caption,DATASET
ECCV Caption,eccv caption,DATASET
eccv-caption,eccv-caption,DATASET
eccv-caption,eccv-caption,DATASET
CUB Caption,cub caption,DATASET
COCO Caption,coco caption,DATASET
coco,coco,DATASET
coco,coco,DATASET
coco,coco,DATASET
CUB Caption,cub caption,DATASET
CUB Caption,cub caption,DATASET
cub,cub,DATASET
cub,cub,DATASET
cub,cub,DATASET
cub,cub,DATASET
cub,cub,DATASET
cub,cub,DATASET
cub,cub,DATASET
cub,cub,DATASET
ECCV Caption,eccv caption,DATASET
eccv-caption,eccv-caption,DATASET
eccv_caption,eccv_caption,DATASET
ECCV Caption,eccv caption,DATASET
UW,uw,DATASET
VUMC,vumc,DATASET
UW,uw,DATASET
UW,uw,DATASET
UW,uw,DATASET
UW,uw,DATASET
VUMC,vumc,DATASET
VUMC,vumc,DATASET
VUMC,vumc,DATASET
UW,uw,DATASET
VUMC,vumc,DATASET
Unhealthy Comments Corpus,unhealthy comments corpus,DATASET
UCC,ucc,DATASET
Unhealthy Comments Corpus,unhealthy comments corpus,DATASET
UCC,ucc,DATASET
UCC,ucc,DATASET
SOCC,socc,DATASET
SFU Opinion and Comments Corpus,sfu opinion and comments corpus,DATASET
SOCC,socc,DATASET
eICUSubsampleUnobs,eicusubsampleunobs,DATASET
CXR,cxr,DATASET
CXRBinary,cxrbinary,DATASET
COCO,coco,DATASET
coco,coco,DATASET
coco,coco,DATASET
coco,coco,DATASET
coco,coco,DATASET
YTVIS 2019,ytvis 2019,DATASET
ytvis_2019,ytvis_2019,DATASET
ytvis_2019,ytvis_2019,DATASET
ytvis_2019,ytvis_2019,DATASET
ytvis_2019,ytvis_2019,DATASET
COCO,coco,DATASET
coco,coco,DATASET
YTVIS2019,ytvis2019,DATASET
COCO,coco,DATASET
ytvis_2019,ytvis_2019,DATASET
YTVIS 2019,ytvis 2019,DATASET
ytvis_2019,ytvis_2019,DATASET
YTVIS 2019,ytvis 2019,DATASET
YTVIS,ytvis,DATASET
YouTube-VIS 2019,youtube-vis 2019,DATASET
KAIST,kaist,DATASET
KAIST,kaist,DATASET
KAIST,kaist,DATASET
KAIST,kaist,DATASET
Thermal,thermal,DATASET
KAIST,kaist,DATASET
Thermal,thermal,DATASET
Thermal,thermal,DATASET
Thermal,thermal,DATASET
Thermal,thermal,DATASET
Thermal,thermal,DATASET
DIV2K,div2k,DATASET
DIV2K,div2k,DATASET
Urban100,urban100,DATASET
BSDS100,bsds100,DATASET
Thermal,thermal,DATASET
Thermal,thermal,DATASET
Thermal,thermal,DATASET
Thermal,thermal,DATASET
DIV2K,div2k,DATASET
KAIST,kaist,DATASET
KAIST,kaist,DATASET
SciNLI,scinli,DATASET
SciNLI,scinli,DATASET
SciNLI,scinli,DATASET
SciNLI,scinli,DATASET
SciNLI,scinli,DATASET
SNLI,snli,DATASET
MNLI,mnli,DATASET
SciNLI,scinli,DATASET
PASCAL VOC,pascal voc,DATASET
PASCAL VOC,pascal voc,DATASET
PASCAL VOC 2007,pascal voc 2007,DATASET
voc2007,voc2007,DATASET
voc2007,voc2007,DATASET
voc2007,voc2007,DATASET
PASCAL VOC,pascal voc,DATASET
PASCAL,pascal,DATASET
PASCAL VOC 2010,pascal voc 2010,DATASET
VOC2007,voc2007,DATASET
VOC2012,voc2012,DATASET
ImageNet,imagenet,DATASET
VOC 2007,voc 2007,DATASET
PASCAL VOC,pascal voc,DATASET
VOC 2007,voc 2007,DATASET
voc_2007,voc_2007,DATASET
voc_2007,voc_2007,DATASET
PASCAL VOC,pascal voc,DATASET
voc_2007,voc_2007,DATASET
voc_2007,voc_2007,DATASET
fast_rcnn,fast_rcnn,DATASET
voc_2007,voc_2007,DATASET
voc_2007,voc_2007,DATASET
voc_2012,voc_2012,DATASET
voc_2012,voc_2012,DATASET
VOC07,voc07,DATASET
VOC12,voc12,DATASET
MEDI+MTEBcls,medi+mtebcls,DATASET
MEDI+MTEBcls,medi+mtebcls,DATASET
MEDI+MTEBcls,medi+mtebcls,DATASET
MEDI+MTEBcls,medi+mtebcls,DATASET
MEDI,medi,DATASET
MTEB Classification,mteb classification,DATASET
avsolatorio/medi-data-mteb_avs_triplets,avsolatorio/medi-data-mteb_avs_triplets,DATASET
avsolatorio/medi-data-mteb_avs_triplets,avsolatorio/medi-data-mteb_avs_triplets,DATASET
mteb,mteb,DATASET
MEDI,medi,DATASET
MTEB,mteb,DATASET
MTEB,mteb,DATASET
mteb,mteb,DATASET
USPTO,uspto,DATASET
ZINC,zinc,DATASET
USPTO,uspto,DATASET
USPTO,uspto,DATASET
LIDC-IDRI,lidc-idri,DATASET
LUNA16,luna16,DATASET
LIDC-IDRI,lidc-idri,DATASET
LUNA16,luna16,DATASET
LIDC-IDRI,lidc-idri,DATASET
LUNA16,luna16,DATASET
ELCAP,elcap,DATASET
NSCLC,nsclc,DATASET
ANODE09,anode09,DATASET
THUMOS14,thumos14,DATASET
ActivityNet 1.3,activitynet 1.3,DATASET
EPIC-Kitchens 100,epic-kitchens 100,DATASET
Ego4D Moment Queries,ego4d moment queries,DATASET
Ego4D Moment Queries,ego4d moment queries,DATASET
Ego4D MQ,ego4d mq,DATASET
ActivityNet,activitynet,DATASET
THUMOS14,thumos14,DATASET
ActivityNet,activitynet,DATASET
EPIC-Kitchens 100,epic-kitchens 100,DATASET
THUMOS14,thumos14,DATASET
thumos,thumos,DATASET
ActivityNet,activitynet,DATASET
thumos,thumos,DATASET
thumos,thumos,DATASET
thumos,thumos,DATASET
thumos,thumos,DATASET
THUMOS,thumos,DATASET
THUMOS 14,thumos 14,DATASET
thumos,thumos,DATASET
thumos,thumos,DATASET
thumos,thumos,DATASET
thumos,thumos,DATASET
thumos,thumos,DATASET
thumos,thumos,DATASET
thumos,thumos,DATASET
thumos,thumos,DATASET
thumos,thumos,DATASET
ActivityNet 1.3,activitynet 1.3,DATASET
ActivityNet,activitynet,DATASET
ActivityNet,activitynet,DATASET
ActivityNet,activitynet,DATASET
ActivityNet 1.3,activitynet 1.3,DATASET
EPIC Kitchens 100,epic kitchens 100,DATASET
epic_kitchens,epic_kitchens,DATASET
SlowFast,slowfast,DATASET
ActivityNet,activitynet,DATASET
EPIC Kitchens 100,epic kitchens 100,DATASET
EPIC Kitchens,epic kitchens,DATASET
SlowFast,slowfast,DATASET
SlowFast,slowfast,DATASET
EPIC Kitchens,epic kitchens,DATASET
EPIC-Kitchens 100,epic-kitchens 100,DATASET
Ego4D Moment Queries,ego4d moment queries,DATASET
SlowFast,slowfast,DATASET
Omnivore,omnivore,DATASET
Ego4D,ego4d,DATASET
EgoVLP,egovlp,DATASET
Omnivore,omnivore,DATASET
EgoVLP,egovlp,DATASET
Ego4D,ego4d,DATASET
Ego4D,ego4d,DATASET
ego4d_omnivore_egovlp,ego4d_omnivore_egovlp,DATASET
ego4d_omnivore_egovlp,ego4d_omnivore_egovlp,DATASET
ego4d_omnivore_egovlp,ego4d_omnivore_egovlp,DATASET
ego4d_omnivore_egovlp,ego4d_omnivore_egovlp,DATASET
ego4d_omnivore_egovlp,ego4d_omnivore_egovlp,DATASET
ego4d_omnivore_egovlp,ego4d_omnivore_egovlp,DATASET
ego4d_omnivore_egovlp,ego4d_omnivore_egovlp,DATASET
Ego4D,ego4d,DATASET
MedQA,medqa,DATASET
MedMCQA,medmcqa,DATASET
PubMedQA,pubmedqa,DATASET
MMLU (medical subsets),mmlu (medical subsets),DATASET
CareQA,careqa,DATASET
FICO,fico,DATASET
Xsum,xsum,DATASET
SST2,sst2,DATASET
Squad,squad,DATASET
CONLL,conll,DATASET
CIFAR10 (TinyImagenet),cifar10 (tinyimagenet),DATASET
SemanticKITTI,semantickitti,DATASET
SemanticPOSS,semanticposs,DATASET
SemanticKITTI,semantickitti,DATASET
semantic-kitti,semantic-kitti,DATASET
SemanticPOSS,semanticposs,DATASET
semanticposs,semanticposs,DATASET
SemanticPOSS,semanticposs,DATASET
SemanticKITTI,semantickitti,DATASET
SemanticPOSS,semanticposs,DATASET
SemanticKITTI,semantickitti,DATASET
SemanticPOSS,semanticposs,DATASET
SemanticKITTI,semantickitti,DATASET
SVHN,svhn,DATASET
wordnet31,wordnet31,DATASET
wordnet31,wordnet31,DATASET
wordnet31,wordnet31,DATASET
wordnet31,wordnet31,DATASET
wordnet31,wordnet31,DATASET
wordnet31,wordnet31,DATASET
wordnet31,wordnet31,DATASET
wordnet31,wordnet31,DATASET
wordnet31,wordnet31,DATASET
wordnet31,wordnet31,DATASET
wordnet31,wordnet31,DATASET
wordnet31,wordnet31,DATASET
wordnet31,wordnet31,DATASET
wordnet31,wordnet31,DATASET
wordnet31,wordnet31,DATASET
wordnet31,wordnet31,DATASET
wordnet31,wordnet31,DATASET
wordnet31,wordnet31,DATASET
wordnet31,wordnet31,DATASET
wordnet31,wordnet31,DATASET
wordnet31,wordnet31,DATASET
wordnet31,wordnet31,DATASET
wordnet31,wordnet31,DATASET
wordnet31,wordnet31,DATASET
wordnet31,wordnet31,DATASET
wordnet31,wordnet31,DATASET
wordnet31,wordnet31,DATASET
ImageNet-LT,imagenet-lt,DATASET
iNaturalist 2018,inaturalist 2018,DATASET
Places-LT,places-lt,DATASET
COCO,coco,DATASET
COCO2017,coco2017,DATASET
Adult Census,adult census,DATASET
adult,adult,DATASET
Bank Marketing,bank marketing,DATASET
Bank%2BMarketing,bank%2bmarketing,DATASET
Credit Card Default,credit card default,DATASET
Dutch Census,dutch census,DATASET
COMPAS,compas,DATASET
compas,compas,DATASET
OntoEvent,ontoevent,DATASET
OntoEvent,ontoevent,DATASET
OntoEvent,ontoevent,DATASET
MAVEN,maven,DATASET
OntoEvent,ontoevent,DATASET
OntoEvent,ontoevent,DATASET
OntoEvent,ontoevent,DATASET
OntoEvent,ontoevent,DATASET
OntoEvent,ontoevent,DATASET
OntoEvent,ontoevent,DATASET
OntoEvent,ontoevent,DATASET
ACE 2005,ace 2005,DATASET
TAC KBP 2017,tac kbp 2017,DATASET
FewEvent,fewevent,DATASET
MAVEN,maven,DATASET
OntoEvent,ontoevent,DATASET
OntoEvent,ontoevent,DATASET
OntoEvent,ontoevent,DATASET
OntoEvent,ontoevent,DATASET
VisDial v1.0,visdial v1.0,DATASET
VisDial v1.0,visdial v1.0,DATASET
VisDial v1.0,visdial v1.0,DATASET
Visual Genome,visual genome,DATASET
VisDial v1.0,visdial v1.0,DATASET
MSCOCO,mscoco,DATASET
Flickr,flickr,DATASET
MSCOCO,mscoco,DATASET
MSCOCO,mscoco,DATASET
Flickr,flickr,DATASET
Flickr,flickr,DATASET
AFHQ,afhq,DATASET
afhq,afhq,DATASET
AnimalFaces,animalfaces,DATASET
AFHQ,afhq,DATASET
AnimalFaces,animalfaces,DATASET
afhq,afhq,DATASET
animal_faces,animal_faces,DATASET
ffhq,ffhq,DATASET
lsun_car,lsun_car,DATASET
animal_faces,animal_faces,DATASET
animal_faces,animal_faces,DATASET
animal_faces,animal_faces,DATASET
animal_faces,animal_faces,DATASET
animal_faces,animal_faces,DATASET
animal_faces,animal_faces,DATASET
afhq_cat,afhq_cat,DATASET
animal_faces,animal_faces,DATASET
summer2winter,summer2winter,DATASET
animal_faces,animal_faces,DATASET
afhq_cat,afhq_cat,DATASET
summer2winter,summer2winter,DATASET
animal_faces,animal_faces,DATASET
AFHQ,afhq,DATASET
afhq_cat,afhq_cat,DATASET
afhq_cat,afhq_cat,DATASET
AFHQ,afhq,DATASET
afhq_dog,afhq_dog,DATASET
afhq,afhq,DATASET
afhq_dog,afhq_dog,DATASET
AFHQ,afhq,DATASET
afhq,afhq,DATASET
afhq,afhq,DATASET
afhq_wild,afhq_wild,DATASET
AnimalFaces,animalfaces,DATASET
animal_faces,animal_faces,DATASET
animal_faces,animal_faces,DATASET
AnimalFaces,animalfaces,DATASET
afhq_cat,afhq_cat,DATASET
afhq_dog,afhq_dog,DATASET
afhq_wild],afhq_wild],DATASET
CIFAR-10,cifar-10,DATASET
CIFAR-10,cifar-10,DATASET
CIFAR-10,cifar-10,DATASET
WikiSQL,wikisql,DATASET
WikiSQL,wikisql,DATASET
WikiSQL,wikisql,DATASET
wikisql,wikisql,DATASET
WikiSQL,wikisql,DATASET
WikiSQL,wikisql,DATASET
wikisql,wikisql,DATASET
wikisql,wikisql,DATASET
wikisql,wikisql,DATASET
wikisql,wikisql,DATASET
wikisql,wikisql,DATASET
WikiSQL,wikisql,DATASET
WikiSQL,wikisql,DATASET
wikisql,wikisql,DATASET
WikiSQL v1.1,wikisql v1.1,DATASET
wikisql,wikisql,DATASET
wikisql,wikisql,DATASET
SciTweets,scitweets,DATASET
SciTweets,scitweets,DATASET
SciTweets,scitweets,DATASET
SciTweets,scitweets,DATASET
SciTweets,scitweets,DATASET
SciTweets,scitweets,DATASET
ip_dataset.csv,ip_dataset.csv,DATASET
ip_dataset.csv,ip_dataset.csv,DATASET
ip_dataset.csv,ip_dataset.csv,DATASET
Moving MNIST,moving mnist,DATASET
BAIR Robot Pushing,bair robot pushing,DATASET
Human3.6M,human3.6m,DATASET
KTH Action,kth action,DATASET
KittiCaltech Pedestrian,kitticaltech pedestrian,DATASET
Kinetics-400,kinetics-400,DATASET
kinetics,kinetics,DATASET
Moving MNIST,moving mnist,DATASET
mmnist,mmnist,DATASET
Moving FMNIST,moving fmnist,DATASET
mfmnist,mfmnist,DATASET
TaxiBJ,taxibj,DATASET
TaxiBJ,taxibj,DATASET
WeatherBench,weatherbench,DATASET
WeatherBench,weatherbench,DATASET
Moving MNIST,moving mnist,DATASET
Moving FMNIST,moving fmnist,DATASET
mmnist,mmnist,DATASET
Moving MNIST-CIFAR,moving mnist-cifar,DATASET
KittiCaltech,kitticaltech,DATASET
moving_mnist,moving_mnist,DATASET
kitticaltech,kitticaltech,DATASET
KTH,kth,DATASET
Human 3.6M,human 3.6m,DATASET
Traffic - in flow,traffic - in flow,DATASET
Traffic - out flow,traffic - out flow,DATASET
Weather - Temperature,weather - temperature,DATASET
Weather - Humidity,weather - humidity,DATASET
Weather - Latitude Wind,weather - latitude wind,DATASET
Weather - Cloud Cover,weather - cloud cover,DATASET
BAIR Robot Pushing,bair robot pushing,DATASET
Kinetics-400,kinetics-400,DATASET
NUBes,nubes,DATASET
NUBes,nubes,DATASET
NUBes,nubes,DATASET
IULA+,iula+,DATASET
nubes,nubes,DATASET
iula,iula,DATASET
NUBes,nubes,DATASET
IULA+,iula+,DATASET
NUBes,nubes,DATASET
Negation and Uncertainty annotations in Biomedical texts in Spanish,negation and uncertainty annotations in biomedical texts in spanish,DATASET
IULA+,iula+,DATASET
IULA-SCRC,iula-scrc,DATASET
iula,iula,DATASET
IULA,iula,DATASET
NUBes,nubes,DATASET
NUBes,nubes,DATASET
NUBes,nubes,DATASET
IULA+,iula+,DATASET
NUBes,nubes,DATASET
NUBes,nubes,DATASET
NUBes,nubes,DATASET
NUBes,nubes,DATASET
IULA+,iula+,DATASET
NUBes,nubes,DATASET
IULA+,iula+,DATASET
NUBes,nubes,DATASET
NUBes,nubes,DATASET
NUBes,nubes,DATASET
IULA-SCRC,iula-scrc,DATASET
NUBes,nubes,DATASET
IULA+,iula+,DATASET
NUBes,nubes,DATASET
IULA+,iula+,DATASET
IULA-SCRC,iula-scrc,DATASET
NUBes,nubes,DATASET
NUBes,nubes,DATASET
IULA+,iula+,DATASET
IULA+,iula+,DATASET
NUBes,nubes,DATASET
NUBes,nubes,DATASET
NUBes,nubes,DATASET
AppSim,appsim,DATASET
RefExp,refexp,DATASET
Rico,rico,DATASET
AppSim,appsim,DATASET
RefExp,refexp,DATASET
Rico,rico,DATASET
rico,rico,DATASET
AppSim,appsim,DATASET
RefExp,refexp,DATASET
ref_exp,ref_exp,DATASET
ref_exp,ref_exp,DATASET
HaluEval,halueval,DATASET
HaluEval,halueval,DATASET
HaluEval,halueval,DATASET
HaluEval,halueval,DATASET
HotpotQA,hotpotqa,DATASET
HaluEval,halueval,DATASET
HaluEval,halueval,DATASET
HotpotQA,hotpotqa,DATASET
hotpotqa,hotpotqa,DATASET
HotpotQA,hotpotqa,DATASET
OpenDialKG,opendialkg,DATASET
opendialkg,opendialkg,DATASET
OpenDialKG,opendialkg,DATASET
CNN/Daily Mail,cnn/daily mail,DATASET
cnn-dailymail,cnn-dailymail,DATASET
CNN/Daily Mail,cnn/daily mail,DATASET
HotpotQA,hotpotqa,DATASET
OpenDialKG,opendialkg,DATASET
CNN/Daily Mail,cnn/daily mail,DATASET
hotpot/hotpot_train_v1.1,hotpot/hotpot_train_v1.1,DATASET
opendialkg,opendialkg,DATASET
opendialkg,opendialkg,DATASET
ccdv/cnn_dailymail,ccdv/cnn_dailymail,DATASET
HotpotQA,hotpotqa,DATASET
OpenDialKG,opendialkg,DATASET
CNN/Daily Mail,cnn/daily mail,DATASET
hotpot_train_v1.1,hotpot_train_v1.1,DATASET
HaluEval,halueval,DATASET
HaluEval,halueval,DATASET
HaluEval,halueval,DATASET
Goldfinch,goldfinch,DATASET
Goldfinch,goldfinch,DATASET
Goldfinch,goldfinch,DATASET
cub,cub,DATASET
CUB,cub,DATASET
CUB,cub,DATASET
birdsnap,birdsnap,DATASET
Birdsnap,birdsnap,DATASET
Birdsnap,birdsnap,DATASET
fgvc,fgvc,DATASET
FGVC-Aircraft,fgvc-aircraft,DATASET
FGVC,fgvc,DATASET
FGVC,fgvc,DATASET
Stanford Dogs,stanford dogs,DATASET
Stanford Dogs,stanford dogs,DATASET
L-Bird,l-bird,DATASET
L-Butterfly,l-butterfly,DATASET
L-Dog,l-dog,DATASET
L-Aircraft,l-aircraft,DATASET
Flickr testing set,flickr testing set,DATASET
Yahoo Flickr Creative Commons 100M,yahoo flickr creative commons 100m,DATASET
SVAMP,svamp,DATASET
SVAMP,svamp,DATASET
GSM8K,gsm8k,DATASET
gsm8k,gsm8k,DATASET
MAWPS,mawps,DATASET
mawps,mawps,DATASET
gsm8k,gsm8k,DATASET
XOR,xor,DATASET
Spiral,spiral,DATASET
Circle,circle,DATASET
Security,security,DATASET
Intrusion Detection,intrusion detection,DATASET
ids-2017,ids-2017,DATASET
CICIDS2017,cicids2017,DATASET
Tor-nonTor,tor-nontor,DATASET
tor,tor,DATASET
ISCXTor2016,iscxtor2016,DATASET
DDoS Attach,ddos attach,DATASET
ids-2018,ids-2018,DATASET
CSE-CIC-IDS2018,cse-cic-ids2018,DATASET
NSL version of KDD Security,nsl version of kdd security,DATASET
nsl,nsl,DATASET
NSL-KDD,nsl-kdd,DATASET
NSL_KDD_Security,nsl_kdd_security,DATASET
DDoS Evaluation,ddos evaluation,DATASET
ddos-2019,ddos-2019,DATASET
CICDDoS2019,cicddos2019,DATASET
CICDDoS2019_Security,cicddos2019_security,DATASET
CIC DoS,cic dos,DATASET
dos,dos,DATASET
CICDoS2017,cicdos2017,DATASET
VPN-nonVPN,vpn-nonvpn,DATASET
vpn,vpn,DATASET
ISCXVPN2016,iscxvpn2016,DATASET
Botnet,botnet,DATASET
BotNet2014,botnet2014,DATASET
MLBENCH,mlbench,DATASET
XOR,xor,DATASET
XOR,xor,DATASET
Spiral,spiral,DATASET
Spiral,spiral,DATASET
Circle,circle,DATASET
Circle,circle,DATASET
Smiley,smiley,DATASET
Smiley,smiley,DATASET
GTSRB,gtsrb,DATASET
German Traffic Sign Recognition Benchmark,german traffic sign recognition benchmark,DATASET
German_Traffic_Sign_Recognition,german_traffic_sign_recognition,DATASET
GTSR,gtsr,DATASET
GTSRB,gtsrb,DATASET
cifar,cifar,DATASET
CIFAR 10,cifar 10,DATASET
CIFAR_10,cifar_10,DATASET
NarrativeQA,narrativeqa,DATASET
Qasper,qasper,DATASET
MultiFieldQA,multifieldqa,DATASET
HotpotQA,hotpotqa,DATASET
2WikiMQA,2wikimqa,DATASET
Musique,musique,DATASET
GovReport,govreport,DATASET
QMSum,qmsum,DATASET
MultiNews,multinews,DATASET
TREC,trec,DATASET
TriviaQA,triviaqa,DATASET
SAMSum,samsum,DATASET
PassageRetrieval,passageretrieval,DATASET
LCC,lcc,DATASET
RepoBench-P,repobench-p,DATASET
LongBench,longbench,DATASET
20480words_10x10x3_7digits,20480words_10x10x3_7digits,DATASET
ImageNet,imagenet,DATASET
imagenet2012,imagenet2012,DATASET
Pascal VOC 2007,pascal voc 2007,DATASET
Coil100,coil100,DATASET
Pascal VOC 2007,pascal voc 2007,DATASET
Coil100,coil100,DATASET
Coil100,coil100,DATASET
coil100,coil100,DATASET
ImageNet,imagenet,DATASET
Boston Housing,boston housing,DATASET
boston,boston,DATASET
Iris,iris,DATASET
iris,iris,DATASET
CADEC,cadec,DATASET
ICHI,ichi,DATASET
Annotated CADEC,annotated cadec,DATASET
CADEC,cadec,DATASET
CADEC,cadec,DATASET
ICHI,ichi,DATASET
ICHI,ichi,DATASET
CADEC,cadec,DATASET
CUB,cub,DATASET
AltEntities,altentities,DATASET
Alternative Entities,alternative entities,DATASET
AltEntities,altentities,DATASET
HaloQuest,haloquest,DATASET
HaloQuest,haloquest,DATASET
haloquest,haloquest,DATASET
HaloQuest,haloquest,DATASET
HaloQuest,haloquest,DATASET
HaloQuest,haloquest,DATASET
haloquest,haloquest,DATASET
HaloQuest,haloquest,DATASET
HaloQuest,haloquest,DATASET
HaloQuest,haloquest,DATASET
Open Images,open images,DATASET
HaloQuest,haloquest,DATASET
Open Images Dataset v7,open images dataset v7,DATASET
openimages,openimages,DATASET
Sachs,sachs,DATASET
Sachs,sachs,DATASET
MOT17,mot17,DATASET
crowdhuman,crowdhuman,DATASET
MOTSynth,motsynth,DATASET
crowdhuman,crowdhuman,DATASET
MOT17,mot17,DATASET
MOTSynth,motsynth,DATASET
crowdhuman,crowdhuman,DATASET
MOT17,mot17,DATASET
MOT17,mot17,DATASET
MOT17,mot17,DATASET
MOTSynth,motsynth,DATASET
MOTSynth,motsynth,DATASET
MOTSynth,motsynth,DATASET
crowdhuman,crowdhuman,DATASET
MOT17,mot17,DATASET
MOT17,mot17,DATASET
MOTSynth,motsynth,DATASET
MOT17,mot17,DATASET
MOT17,mot17,DATASET
MOT17,mot17,DATASET
MOT17,mot17,DATASET
crowdhuman,crowdhuman,DATASET
MOTSynth,motsynth,DATASET
Fakepedia,fakepedia,DATASET
Fakepedia,fakepedia,DATASET
Fakepedia,fakepedia,DATASET
Fakepedia,fakepedia,DATASET
Fakepedia,fakepedia,DATASET
MRQA,mrqa,DATASET
mrqa,mrqa,DATASET
PAVS10K,pavs10k,DATASET
PAVS10K,pavs10k,DATASET
PAVS10K,pavs10k,DATASET
PAVS10K,pavs10k,DATASET
PAVS10K,pavs10k,DATASET
PAVS10K,pavs10k,DATASET
PAVS10K,pavs10k,DATASET
PAVS10K,pavs10k,DATASET
PAVS10K,pavs10k,DATASET
PAVS10K,pavs10k,DATASET
PAVS10K,pavs10k,DATASET
HAGRID,hagrid,DATASET
HAGRID,hagrid,DATASET
HAGRID,hagrid,DATASET
MIRACL,miracl,DATASET
miracl,miracl,DATASET
HAGRID,hagrid,DATASET
miracl/hagrid,miracl/hagrid,DATASET
miracl/hagrid,miracl/hagrid,DATASET
HAGRID,hagrid,DATASET
HAGRID,hagrid,DATASET
SRD,srd,DATASET
AISTD|ISTD+,aistd|istd+,DATASET
ISTD,istd,DATASET
USR: Unpaired Shadow Removal Dataset,usr: unpaired shadow removal dataset,DATASET
LRSS: Soft Shadow Dataset,lrss: soft shadow dataset,DATASET
softshadows,softshadows,DATASET
LRSS,lrss,DATASET
LRSS,lrss,DATASET
USR,usr,DATASET
ISTD/ISTD+,istd/istd+,DATASET
ISTD,istd,DATASET
USR,usr,DATASET
USR,usr,DATASET
USR,usr,DATASET
LRSS,lrss,DATASET
SRD,srd,DATASET
SRD,srd,DATASET
SRD,srd,DATASET
/dataset/SRD/testA/,/dataset/srd/testa/,DATASET
SRD,srd,DATASET
SRD,srd,DATASET
AISTD,aistd,DATASET
USR,usr,DATASET
SRD,srd,DATASET
AISTD,aistd,DATASET
AISTD,aistd,DATASET
ISTD,istd,DATASET
ISTD,istd,DATASET
USR,usr,DATASET
USR,usr,DATASET
SRD,srd,DATASET
SRD,srd,DATASET
AISTD,aistd,DATASET
AISTD,aistd,DATASET
ISTD,istd,DATASET
ISTD,istd,DATASET
USR,usr,DATASET
USR,usr,DATASET
DC-ShadowNet-Hard-and-Soft-Shadow-Remova,dc-shadownet-hard-and-soft-shadow-remova,DATASET
SRD,srd,DATASET
SRD,srd,DATASET
SRD,srd,DATASET
SRD,srd,DATASET
SRD,srd,DATASET
SRD,srd,DATASET
SRD,srd,DATASET
SRD,srd,DATASET
ISTD,istd,DATASET
istd,istd,DATASET
ISTD,istd,DATASET
istd,istd,DATASET
USR,usr,DATASET
USR,usr,DATASET
LRSS,lrss,DATASET
lrss,lrss,DATASET
LRSS,lrss,DATASET
lrss,lrss,DATASET
SRD,srd,DATASET
SRD,srd,DATASET
SRD,srd,DATASET
SRD,srd,DATASET
SRD,srd,DATASET
AISTD,aistd,DATASET
AISTD,aistd,DATASET
AISTD,aistd,DATASET
LRSS,lrss,DATASET
lrss,lrss,DATASET
lrss,lrss,DATASET
LRSS,lrss,DATASET
FaceWarehouse,facewarehouse,DATASET
MICC Florence,micc florence,DATASET
BU-3DFE,bu-3dfe,DATASET
FaceWareHouse,facewarehouse,DATASET
Florence,florence,DATASET
BU3DFE,bu3dfe,DATASET
AFLW_2000,aflw_2000,DATASET
CoarseData,coarsedata,DATASET
Coarse,coarse,DATASET
Facewarehouse,facewarehouse,DATASET
ImageNet,imagenet,DATASET
CelebA,celeba,DATASET
CelebA,celeba,DATASET
cityscapes,cityscapes,DATASET
BSARD,bsard,DATASET
Belgian Statutory Article Retrieval Dataset,belgian statutory article retrieval dataset,DATASET
BSARD,bsard,DATASET
BSARD,bsard,DATASET
BSARD,bsard,DATASET
ASSIN2,assin2,DATASET
ASSIN2,assin2,DATASET
ASSIN2,assin2,DATASET
MNLI,mnli,DATASET
ASSIN2,assin2,DATASET
SQuAD,squad,DATASET
FaQuAD,faquad,DATASET
MNLI,mnli,DATASET
ASSIN2,assin2,DATASET
SQuAD,squad,DATASET
MNLI,mnli,DATASET
FaQuAD,faquad,DATASET
ASSIN2,assin2,DATASET
SQuAD,squad,DATASET
FaQuAD,faquad,DATASET
MNLI,mnli,DATASET
ASSIN2,assin2,DATASET
Cora,cora,DATASET
CORA,cora,DATASET
Citeseer,citeseer,DATASET
Pubmed,pubmed,DATASET
DBLP,dblp,DATASET
Cora,cora,DATASET
cora,cora,DATASET
Cora,cora,DATASET
cora,cora,DATASET
cora,cora,DATASET
cora,cora,DATASET
cora,cora,DATASET
SQuAD,squad,DATASET
Visual Genome,visual genome,DATASET
VG_100K,vg_100k,DATASET
VG_100K_2,vg_100k_2,DATASET
BlackScholes,blackscholes,DATASET
Heston,heston,DATASET
Ornstein-Uhlenbeck,ornstein-uhlenbeck,DATASET
OrnsteinUhlenbeck,ornsteinuhlenbeck,DATASET
Heston,heston,DATASET
Heston,heston,DATASET
Physionet,physionet,DATASET
Physionet,physionet,DATASET
Physionet,physionet,DATASET
physionet,physionet,DATASET
MNIST,mnist,DATASET
MNIST,mnist,DATASET
WordNet,wordnet,DATASET
wordnet,wordnet,DATASET
KITTI,kitti,DATASET
kitti,kitti,DATASET
KITTI,kitti,DATASET
KITTI,kitti,DATASET
Kitti,kitti,DATASET
kitti,kitti,DATASET
kitti,kitti,DATASET
Cityscapes,cityscapes,DATASET
Cityscapes,cityscapes,DATASET
KITTI,kitti,DATASET
KITTI,kitti,DATASET
multi-centric heterogeneous cine-SSFPs CMR TOF,multi-centric heterogeneous cine-ssfps cmr tof,DATASET
TOF,tof,DATASET
NELA-GT-2019,nela-gt-2019,DATASET
NELA-GT-2019,nela-gt-2019,DATASET
NELA-GT-2019,nela-gt-2019,DATASET
NELA-GT-2019,nela-gt-2019,DATASET
NELA,nela,DATASET
NELA,nela,DATASET
COCO,coco,DATASET
COCO,coco,DATASET
COCO,coco,DATASET
COCO,coco,DATASET
ImageNet,imagenet,DATASET
COCO trainval35k,coco trainval35k,DATASET
VOC 2012,voc 2012,DATASET
SBD,sbd,DATASET
COCO,coco,DATASET
minival,minival,DATASET
minival,minival,DATASET
val2014 minus minival (val35k),val2014 minus minival (val35k),DATASET
valminusminival2014,valminusminival2014,DATASET
minival2014,minival2014,DATASET
COCO,coco,DATASET
VOC,voc,DATASET
COCO,coco,DATASET
VOC,voc,DATASET
COCO,coco,DATASET
S2ORC,s2orc,DATASET
s2orc,s2orc,DATASET
s2orc,s2orc,DATASET
S2ORC,s2orc,DATASET
S2ORC,s2orc,DATASET
s2orc,s2orc,DATASET
s2orc,s2orc,DATASET
s2orc,s2orc,DATASET
s2orc,s2orc,DATASET
s2orc,s2orc,DATASET
s2orc,s2orc,DATASET
S2ORC,s2orc,DATASET
S2ORC,s2orc,DATASET
refcoco,refcoco,DATASET
refcoco,refcoco,DATASET
refcoco,refcoco,DATASET
refcoco,refcoco,DATASET
refcoco,refcoco,DATASET
refcoco,refcoco,DATASET
refcoco,refcoco,DATASET
refcoco,refcoco,DATASET
refcoco,refcoco,DATASET
SC-PDB,sc-pdb,DATASET
scpdb,scpdb,DATASET
COACH420,coach420,DATASET
HOLO4K,holo4k,DATASET
MOAD,moad,DATASET
MOAD,moad,DATASET
PDBBind,pdbbind,DATASET
PDBbind_v2020,pdbbind_v2020,DATASET
coach420,coach420,DATASET
holo4k,holo4k,DATASET
holo4k,holo4k,DATASET
holo4k,holo4k,DATASET
pdbbind2020,pdbbind2020,DATASET
holo4k,holo4k,DATASET
coach420,coach420,DATASET
MOAD,moad,DATASET
scpdb,scpdb,DATASET
scpdb,scpdb,DATASET
scpdb,scpdb,DATASET
scpdb,scpdb,DATASET
coach420,coach420,DATASET
coach420,coach420,DATASET
holo4k,holo4k,DATASET
holo4k,holo4k,DATASET
holo4k,holo4k,DATASET
holo4k,holo4k,DATASET
pdbbind2020,pdbbind2020,DATASET
pdbbind2020,pdbbind2020,DATASET
coach420,coach420,DATASET
coach420,coach420,DATASET
pdbbind2020,pdbbind2020,DATASET
holo4k,holo4k,DATASET
holo4k,holo4k,DATASET
KILT,kilt,DATASET
AIDA CoNLL,aida conll,DATASET
AIDA,aida,DATASET
KILT,kilt,DATASET
AIDA,aida,DATASET
KILT,kilt,DATASET
AIDA testb,aida testb,DATASET
MSNBC,msnbc,DATASET
Der,der,DATASET
K50,k50,DATASET
R128,r128,DATASET
R500,r500,DATASET
OKE15,oke15,DATASET
OKE16,oke16,DATASET
yelp_dataset,yelp_dataset,DATASET
yelp_dataset,yelp_dataset,DATASET
BOOKSUM,booksum,DATASET
BookSum,booksum,DATASET
BookSum,booksum,DATASET
sop,sop,DATASET
cub,cub,DATASET
CUB200-2011,cub200-2011,DATASET
cars,cars,DATASET
CARS196,cars196,DATASET
sop,sop,DATASET
Standford Online Porducts,standford online porducts,DATASET
inshop,inshop,DATASET
In-Shop cloths retireval,in-shop cloths retireval,DATASET
vid,vid,DATASET
PKU Vehicle id,pku vehicle id,DATASET
CUB200-2011,cub200-2011,DATASET
CUB-200,cub-200,DATASET
CARS196,cars196,DATASET
cars,cars,DATASET
Stanford Online Products,stanford online products,DATASET
In-shop Clothes Retrieval Benchmark,in-shop clothes retrieval benchmark,DATASET
PKU VehicleID,pku vehicleid,DATASET
pku-vehicleid,pku-vehicleid,DATASET
cars196,cars196,DATASET
CUB200-2011,cub200-2011,DATASET
cub-200-2011,cub-200-2011,DATASET
Cars196,cars196,DATASET
cars,cars,DATASET
cars196,cars196,DATASET
Stanford Online Products,stanford online products,DATASET
sop,sop,DATASET
In-shop Clothes,in-shop clothes,DATASET
PKU Vehicle id,pku vehicle id,DATASET
CUB200,cub200,DATASET
Cars196,cars196,DATASET
In-Shop Clothes,in-shop clothes,DATASET
Online Products,online products,DATASET
VID,vid,DATASET
BIOSSES,biosses,DATASET
biosses,biosses,DATASET
mteb/sts12-sts,mteb/sts12-sts,DATASET
mteb/sts13-sts,mteb/sts13-sts,DATASET
mteb/sts14-sts,mteb/sts14-sts,DATASET
mteb/sts15-sts,mteb/sts15-sts,DATASET
mteb/sts16-sts,mteb/sts16-sts,DATASET
BIOSSES,biosses,DATASET
biosses,biosses,DATASET
mteb/sts12-sts,mteb/sts12-sts,DATASET
mteb/sts13-sts,mteb/sts13-sts,DATASET
mteb/sts14-sts,mteb/sts14-sts,DATASET
mteb/sts15-sts,mteb/sts15-sts,DATASET
mteb/sts16-sts,mteb/sts16-sts,DATASET
FewEvent,fewevent,DATASET
ACE-2005 corpus,ace-2005 corpus,DATASET
TAC-KBP-2017 Event Track Data,tac-kbp-2017 event track data,DATASET
NuScenes-QA,nuscenes-qa,DATASET
nuScenes,nuscenes,DATASET
NuScenes-QA,nuscenes-qa,DATASET
so-ds-feb20,so-ds-feb20,DATASET
so-ds-feb20,so-ds-feb20,DATASET
staqc-py,staqc-py,DATASET
staqc-py-cleaned,staqc-py-cleaned,DATASET
so-ds-feb20,so-ds-feb20,DATASET
so-python-question-titles-feb20,so-python-question-titles-feb20,DATASET
so-duplicates-pacsv1-train,so-duplicates-pacsv1-train,DATASET
staqc-py-cleaned,staqc-py-cleaned,DATASET
so-duplicates-pacs-train,so-duplicates-pacs-train,DATASET
so-ds-feb20,so-ds-feb20,DATASET
staqc-py-cleaned,staqc-py-cleaned,DATASET
conala-curated,conala-curated,DATASET
staqc-py,staqc-py,DATASET
conala-curated,conala-curated,DATASET
so-ds-feb20,so-ds-feb20,DATASET
staqc-py-cleaned,staqc-py-cleaned,DATASET
StackOverflow,stackoverflow,DATASET
conala-curated,conala-curated,DATASET
CoNaLa,conala,DATASET
conala,conala,DATASET
codesearchnet,codesearchnet,DATASET
CodeSearchNet,codesearchnet,DATASET
CodeSearchNet,codesearchnet,DATASET
codesearchnet,codesearchnet,DATASET
CodeSearchNet,codesearchnet,DATASET
CodeSearchNet,codesearchnet,DATASET
so-ds-feb20,so-ds-feb20,DATASET
so-ds-feb20,so-ds-feb20,DATASET
staqc-py-cleaned,staqc-py-cleaned,DATASET
staqc-py-cleaned,staqc-py-cleaned,DATASET
conala-curated-0.5-test,conala-curated-0.5-test,DATASET
CoNaLa,conala,DATASET
so-ds-feb20,so-ds-feb20,DATASET
staqc-py,staqc-py,DATASET
PACS,pacs,DATASET
PACS,pacs,DATASET
PACS,pacs,DATASET
pacs,pacs,DATASET
pacs,pacs,DATASET
Movielens-1M,movielens-1m,DATASET
Amazon-Book,amazon-book,DATASET
Yelp-2018,yelp-2018,DATASET
Gowalla,gowalla,DATASET
MovieLens-1M,movielens-1m,DATASET
iSQUAD,isquad,DATASET
Google Speech Commands,google speech commands,DATASET
speech_commands_v0.02,speech_commands_v0.02,DATASET
speech_commands_v0.02,speech_commands_v0.02,DATASET
speech_commands_v0.02,speech_commands_v0.02,DATASET
wget,wget,DATASET
speech_commands_v0.01,speech_commands_v0.01,DATASET
speech_commands_v0.01,speech_commands_v0.01,DATASET
speech_commands_v0.01,speech_commands_v0.01,DATASET
Speech Commands V2,speech commands v2,DATASET
Google Speech Commands v2,google speech commands v2,DATASET
WIDER FACE,wider face,DATASET
WIDER FACE,wider face,DATASET
WIDERFACE,widerface,DATASET
MaSTr1325,mastr1325,DATASET
MaSTr1325,mastr1325,DATASET
RELISH,relish,DATASET
TRECCOVID,treccovid,DATASET
CORD-19,cord-19,DATASET
treccovid,treccovid,DATASET
TRECCOVID,treccovid,DATASET
treccovid,treccovid,DATASET
SciDocs,scidocs,DATASET
scidocs,scidocs,DATASET
CSFCube,csfcube,DATASET
CSFCube,csfcube,DATASET
S2ORC,s2orc,DATASET
s2orc,s2orc,DATASET
RELISH,relish,DATASET
TRECCOVID,treccovid,DATASET
CSFCube,csfcube,DATASET
SciDocs,scidocs,DATASET
S2ORC,s2orc,DATASET
s2orc,s2orc,DATASET
S2ORC,s2orc,DATASET
relish,relish,DATASET
scidocs,scidocs,DATASET
treccovid,treccovid,DATASET
RELISH,relish,DATASET
TRECCOVID,treccovid,DATASET
SciDocs,scidocs,DATASET
CSFCube,csfcube,DATASET
Semantic Scholar Open Research Corpus,semantic scholar open research corpus,DATASET
s2orc,s2orc,DATASET
S2ORC,s2orc,DATASET
RELISH,relish,DATASET
TRECCOVID,treccovid,DATASET
SciDocs,scidocs,DATASET
CSFCube,csfcube,DATASET
